Title,Price,Location
SUPER HOT,PKR,"Bahria Homes, Bahria Town - Sector E"
SUPER HOT,PKR,"DHA Phase 7 - Block R, DHA Phase 7"
SUPER HOT,PKR,"DHA Phase 7, DHA Defence"
SUPER HOT,PKR,"Gulberg, Lahore"
SUPER HOT,PKR,"Bahria Town - Sector C, Bahria Town"
SUPER HOT,PKR,"Allama Iqbal Town - Neelam Block, Allama Iqbal Town"
SUPER HOT,PKR,"DHA 11 Rahbar Phase 2, DHA 11 Rahbar"
SUPER HOT,PKR,"DHA 9 Town, DHA Defence"
SUPER HOT,PKR,"Mustafabad Lalyani, Lahore"
SUPER HOT,PKR,"Valencia Housing Society, Lahore"
HOT,PKR,"DHA 9 Town, DHA Defence"
HOT,PKR,"DHA Phase 6, DHA Defence"
HOT,PKR,"DHA 9 Town - Block C, DHA 9 Town"
HOT,PKR,"DHA 9 Town - Block A, DHA 9 Town"
HOT,PKR,"Khuda Buksh Colony, Cantt"
HOT,PKR,"Divine Gardens, Lahore"
15,PKR,"DHA Phase 5, DHA Defence"
14,PKR,"DHA 9 Town - Block B, DHA 9 Town"
46,PKR,"Green City, Lahore"
16,PKR,"Khuda Buksh Colony, Cantt"
35,PKR,"Rehmanpura - Block D, Rehmanpura (Ferozpur Road)"
48,PKR,"Allama Iqbal Town, Lahore"
22,PKR,"Zubaida Park, Lahore"
34,PKR,"Allama Iqbal Town, Lahore"
SUPER HOT,PKR,"DHA Phase 7 - Block Y, DHA Phase 7"
SUPER HOT,PKR,"DHA Phase 6 - Block M, DHA Phase 6"
SUPER HOT,PKR,"Lake City - Sector M7 - Block B, Lake City - Sector M-7"
SUPER HOT,PKR,"Lake City - Sector M-2A, Lake City"
SUPER HOT,PKR,"DHA 9 Town - Block B, DHA 9 Town"
SUPER HOT,PKR,"Lalazaar Garden, Lahore"
SUPER HOT,PKR,"Al-Kabir Town - Phase 2, Al-Kabir Town"
SUPER HOT,PKR,"DHA Phase 5 - Block B, DHA Phase 5"
HOT,PKR,"DHA Phase 8, DHA Defence"
HOT,PKR,"Lake City - Sector M-7B, Lake City"
HOT,PKR,"Allama Iqbal Town - Neelam Block, Allama Iqbal Town"
HOT,PKR,"Al-Kabir Town - Phase 2, Al-Kabir Town"
HOT,PKR,"Lake City - Sector M7 - Block B, Lake City - Sector M-7"
7,PKR,"Allama Iqbal Town - Neelam Block, Allama Iqbal Town"
19,PKR,"Al-Hamad Colony (AIT), Lahore"
8,PKR,"Allama Iqbal Town, Lahore"
12,PKR,"Allama Iqbal Town - Neelam Block, Allama Iqbal Town"
50,PKR,"Allama Iqbal Town - Neelam Block, Allama Iqbal Town"
36,PKR,"Dream Gardens - Block F, Dream Gardens"
26,PKR,"DHA 9 Town, DHA Defence"
21,PKR,"DHA 9 Town, DHA Defence"
SUPER HOT,PKR,"Lake City - Sector M-7, Lake City"
SUPER HOT,PKR,"Lake City - Sector M7 - Block A, Lake City - Sector M-7"
SUPER HOT,PKR,"DHA Phase 5, DHA Defence"
SUPER HOT,PKR,"Park View City - Jade Extension Block, Park View City"
SUPER HOT,PKR,"Lake City - Sector M-3A, Lake City"
SUPER HOT,PKR,"Bahria Orchard Phase 2, Bahria Orchard"
SUPER HOT,PKR,"Park View City - Tulip Overseas, Park View City"
SUPER HOT,PKR,"Dream Gardens, Defence Road"
SUPER HOT,PKR,"Al Hafeez Garden - Phase 5, Al Hafeez Gardens"
HOT,PKR,"Lake City, Raiwind Road"
HOT,PKR,"Park View City - Tulip Extension Block, Park View City"
HOT,PKR,"Samanabad, Lahore"
HOT,PKR,"DHA 11 Rahbar Phase 2, DHA 11 Rahbar"
13,PKR,"Jubilee Town - Block F, Jubilee Town"
12,PKR,"Union Livings, Main Canal Bank Road"
29,PKR,"Jubilee Town, Lahore"
43,PKR,"DHA Phase 6, DHA Defence"
43,PKR,"DHA Phase 6 - Block B, DHA Phase 6"
41,PKR,"DHA Phase 6 - Block K, DHA Phase 6"
SUPER HOT,PKR,"Model Town, Lahore"
SUPER HOT,PKR,"Lake City - Sector M-2, Lake City"
SUPER HOT,PKR,"Lake City - Sector M-7B, Lake City"
SUPER HOT,PKR,"Samanabad, Lahore"
SUPER HOT,PKR,"Imperial Garden Homes, Paragon City"
HOT,PKR,"Park View City, Lahore"
HOT,PKR,"Bahria Town - Sector E, Bahria Town"
HOT,PKR,"Allama Iqbal Town, Lahore"
HOT,PKR,"Lake City Sector M8 - Block B1, Lake City - Sector M-8"
5,PKR,"Garden Town, Lahore"
49,PKR,"DHA Phase 6, DHA Defence"
45,PKR,"DHA Phase 7 - Block S, DHA Phase 7"
22,PKR,"Samanabad, Lahore"
21,PKR,"Samanabad, Lahore"
26,PKR,"Samanabad, Lahore"
29,PKR,"Samanabad, Lahore"
SUPER HOT,PKR,"DHA Phase 6, DHA Defence"
SUPER HOT,PKR,"DHA Phase 5 - Block D, DHA Phase 5"
SUPER HOT,PKR,"LDA Avenue, Lahore"
SUPER HOT,PKR,"Marghzar Officers Colony, Lahore"
SUPER HOT,PKR,"Bahria Town - Sector E, Bahria Town"
HOT,PKR,"Park View City - Tulip Overseas, Park View City"
HOT,PKR,"Askari 11, Askari"
HOT,PKR,"Paragon City - Imperial 2 Block, Paragon City"
26,PKR,"Allama Iqbal Town, Lahore"
33,PKR,"Samanabad, Lahore"
27,PKR,"Samanabad, Lahore"
20,PKR,"Samanabad, Lahore"
25,PKR,"Samanabad, Lahore"
37,PKR,"DHA Phase 7, DHA Defence"
SUPER HOT,PKR,"DHA Phase 8, DHA Defence"
SUPER HOT,PKR,"Park View City - Jade Block, Park View City"
SUPER HOT,PKR,"DHA Phase 6 - Block C, DHA Phase 6"
SUPER HOT,PKR,"DHA Phase 7 - Block S, DHA Phase 7"
HOT,PKR,"Johar Town Phase 2, Johar Town"
HOT,PKR,"Lahore - Kasur Road, Lahore"
HOT,PKR,"Johar Town Phase 1, Johar Town"
49,PKR,"DHA Phase 4, DHA Defence"
42,PKR,"DHA Phase 7 - Block U, DHA Phase 7"
30,PKR,"DHA Phase 4, DHA Defence"
31,PKR,"DHA Phase 5, DHA Defence"
50,PKR,"DHA Phase 7, DHA Defence"
39,PKR,"DHA Phase 3, DHA Defence"
42,PKR,"Gulberg, Lahore"
50,PKR,"DHA Phase 5, DHA Defence"
SUPER HOT,PKR,"DHA Phase 6 - Block B, DHA Phase 6"
SUPER HOT,PKR,"Park View City, Lahore"
SUPER HOT,PKR,"Bahria Town - Overseas Extension, Bahria Town - Overseas Enclave"
SUPER HOT,PKR,"DHA Phase 6 - Block K, DHA Phase 6"
SUPER HOT,PKR,"Chinar Bagh - Shaheen Block, Chinar Bagh"
SUPER HOT,PKR,"Allama Iqbal Town, Lahore"
HOT,PKR,"DHA Phase 5, DHA Defence"
HOT,PKR,"Wapda Town Phase 1, Wapda Town"
HOT,PKR,"DHA Phase 7, DHA Defence"
49,PKR,"DHA Phase 7, DHA Defence"
23,PKR,"DHA 9 Town, DHA Defence"
14,PKR,"DHA 9 Town, DHA Defence"
24,PKR,"DHA 9 Town, DHA Defence"
6,PKR,"Paragon City, Lahore"
16,PKR,"Paragon City, Lahore"
19,PKR,"Paragon City, Lahore"
14,PKR,"Paragon City, Lahore"
SUPER HOT,PKR,"Park View City - Executive Block, Park View City"
SUPER HOT,PKR,"DHA Phase 1 - Block M, DHA Phase 1"
SUPER HOT,PKR,"DHA Phase 6 - Block L, DHA Phase 6"
SUPER HOT,PKR,"DHA Phase 7 - Block W, DHA Phase 7"
SUPER HOT,PKR,"Cantt, Lahore"
SUPER HOT,PKR,"Iqbal Park, Lahore"
HOT,PKR,"DHA Phase 7 - Block S, DHA Phase 7"
HOT,PKR,"Rehman Villas, Lahore"
26,PKR,"Paragon City, Lahore"
17,PKR,"DHA 9 Town, DHA Defence"
21,PKR,"Johar Town Phase 2, Johar Town"
31,PKR,"Park View City - Tulip Overseas, Park View City"
17,PKR,"Nasheman-e-Iqbal Phase 2, Nasheman-e-Iqbal"
19,PKR,"TIP Housing Society - Phase 3, TIP Housing Society"
9,PKR,"NFC 1, Lahore"
SUPER HOT,PKR,"DHA 9 Town - Block A, DHA 9 Town"
SUPER HOT,PKR,"DHA Phase 7 - Block P, DHA Phase 7"
SUPER HOT,PKR,"Low Cost - Block C, Low Cost Sector"
SUPER HOT,PKR,"Wapda Town Phase 1 - Block E1, Wapda Town Phase 1"
SUPER HOT,PKR,"Johar Town Phase 2, Johar Town"
SUPER HOT,PKR,"NFC 1, Lahore"
HOT,PKR,"Allama Iqbal Town - Pak Block, Allama Iqbal Town"
HOT,PKR,"Johar Town, Lahore"
HOT,PKR,"Central Park Housing Scheme, Lahore"
41,PKR,"Nespak Scheme Phase 3, Defence Road"
19,PKR,"Valencia Housing Society, Lahore"
8,PKR,"TIP Housing Society - Phase 2, TIP Housing Society"
13,PKR,"Wapda Town Phase 1, Wapda Town"
21,PKR,"Tariq Gardens, Lahore"
25,PKR,"Wapda Town Phase 1, Wapda Town"
10,PKR,"Wapda Town Phase 1, Wapda Town"
19,PKR,"Park View City, Lahore"
SUPER HOT,PKR,"FCC, Gulberg 4"
SUPER HOT,PKR,"DHA Phase 7 - Block Z, DHA Phase 7"
SUPER HOT,PKR,"Airline Housing Society, Lahore"
SUPER HOT,PKR,"Lake City Meadows Phase 1, Lake City Meadows"
SUPER HOT,PKR,"Allama Iqbal Town - Badar Block, Allama Iqbal Town"
HOT,PKR,"Lake City - Sector M-2A, Lake City"
HOT,PKR,"Lake City - Sector M-3, Lake City"
HOT,PKR,"Marghzar Officers Colony, Lahore"
HOT,PKR,"Lalazaar Garden, Lahore"
HOT,PKR,"Sabzazar Scheme, Lahore"
28,PKR,"Park View City, Lahore"
15,PKR,"Park View City, Lahore"
12,PKR,"Park View City, Lahore"
27,PKR,"DHA 9 Town, DHA Defence"
28,PKR,"DHA Phase 7, DHA Defence"
25,PKR,"DHA 9 Town, DHA Defence"
